{
  "hash": "e71bea09e54bfe500a6313a40f0f3123",
  "result": {
    "markdown": "---\ntitle: \"Some desciptives - Part 2\"\nformat: html\n---\n\n\n\n::: {.cell}\n\n```{.r .cell-code}\nggplot(mtcars, aes(mpg, hp))+\n  geom_point()+\n  theme_bw()\n```\n\n::: {.cell-output-display}\n![](Theory2_files/figure-html/unnamed-chunk-2-1.png){width=672}\n:::\n:::\n",
    "supporting": [
      "Theory2_files"
    ],
    "filters": [
      "rmarkdown/pagebreak.lua"
    ],
    "includes": {},
    "engineDependencies": {},
    "preserve": {},
    "postProcess": true
  }
}