{
  "hash": "dbd3ff45418387e8eef3c43cb4aed52c",
  "result": {
    "markdown": "---\ntitle: \"My first analysis\"\nformat: html\n---\n\n\n\n::: {.cell}\n\n```{.r .cell-code}\nlm(mpg ~ hp, mtcars)\n```\n\n::: {.cell-output .cell-output-stdout}\n```\n\nCall:\nlm(formula = mpg ~ hp, data = mtcars)\n\nCoefficients:\n(Intercept)           hp  \n   30.09886     -0.06823  \n```\n:::\n:::\n",
    "supporting": [
      "Analysis1_files"
    ],
    "filters": [
      "rmarkdown/pagebreak.lua"
    ],
    "includes": {},
    "engineDependencies": {},
    "preserve": {},
    "postProcess": true
  }
}