{
  "hash": "c0c5260fc057befdf0c66092bb181efe",
  "result": {
    "markdown": "---\ntitle: \"My second analysis\"\nformat: html\n---\n\n\n\n::: {.cell}\n\n```{.r .cell-code}\nlm(mpg ~ hp + wt, mtcars)\n```\n\n::: {.cell-output .cell-output-stdout}\n```\n\nCall:\nlm(formula = mpg ~ hp + wt, data = mtcars)\n\nCoefficients:\n(Intercept)           hp           wt  \n   37.22727     -0.03177     -3.87783  \n```\n:::\n:::\n",
    "supporting": [],
    "filters": [
      "rmarkdown/pagebreak.lua"
    ],
    "includes": {},
    "engineDependencies": {},
    "preserve": {},
    "postProcess": true
  }
}